{
  "$schema": "https://go.kicad.org/pcm/schemas/v1",
  "name": "My Awesome KiCad Plugin",
  "description": "Demo action plugin installed via PCM",
  "description_full": "A minimal pcbnew Action Plugin for KiCad, packaged for PCM.\nShows a message box with the board title.",
  "identifier": "com.example.myplugin",
  "type": "plugin",
  "author": {
    "name": "Your Name",
    "contact": {
      "web": "https://example.com"
    }
  },
  "maintainer": {
    "name": "Your Name"
  },
  "license": "MIT",
  "resources": {
    "homepage": "https://example.com/myplugin"
  },
  "tags": [
    "python",
    "pcbnew",
    "action-plugin"
  ],
  "versions": [
    {
      "version": "1.0.0",
      "status": "stable",
      "kicad_version": "7.0",
      "install_size": 0
    }
  ]
}